dataset,frame,yaw_deg,class,distance_bucket,n_points,inside_image,object_points,hits,hit_ratio
nuscenes_mini_subset,scene-0103_010,0.0,Car,0-15m,34720,3120,0,0,
nuscenes_mini_subset,scene-0103_010,0.0,Car,15-30m,34720,3120,78,78,1.0
nuscenes_mini_subset,scene-0103_010,0.0,Car,>30m,34720,3120,8,8,1.0
nuscenes_mini_subset,scene-0103_010,0.0,Pedestrian,15-30m,34720,3120,9,9,1.0
nuscenes_mini_subset,scene-0103_010,0.0,Pedestrian,>30m,34720,3120,5,5,1.0
nuscenes_mini_subset,scene-0103_010,1.0,Car,0-15m,34720,3125,0,0,
nuscenes_mini_subset,scene-0103_010,1.0,Car,15-30m,34720,3125,75,74,0.9867
nuscenes_mini_subset,scene-0103_010,1.0,Car,>30m,34720,3125,8,5,0.625
nuscenes_mini_subset,scene-0103_010,1.0,Pedestrian,15-30m,34720,3125,9,7,0.7778
nuscenes_mini_subset,scene-0103_010,1.0,Pedestrian,>30m,34720,3125,5,2,0.4
nuscenes_mini_subset,scene-0103_010,2.0,Car,0-15m,34720,3126,0,0,
nuscenes_mini_subset,scene-0103_010,2.0,Car,15-30m,34720,3126,70,66,0.9429
nuscenes_mini_subset,scene-0103_010,2.0,Car,>30m,34720,3126,8,2,0.25
nuscenes_mini_subset,scene-0103_010,2.0,Pedestrian,15-30m,34720,3126,9,1,0.1111
nuscenes_mini_subset,scene-0103_010,2.0,Pedestrian,>30m,34720,3126,5,0,0.0
nuscenes_mini_subset,scene-0103_010,3.0,Car,0-15m,34720,3133,0,0,
nuscenes_mini_subset,scene-0103_010,3.0,Car,15-30m,34720,3133,67,57,0.8507
nuscenes_mini_subset,scene-0103_010,3.0,Car,>30m,34720,3133,8,1,0.125
nuscenes_mini_subset,scene-0103_010,3.0,Pedestrian,15-30m,34720,3133,9,0,0.0
nuscenes_mini_subset,scene-0103_010,3.0,Pedestrian,>30m,34720,3133,5,0,0.0
nuscenes_mini_subset,scene-0103_020,0.0,Car,0-15m,34752,2990,54,54,1.0
nuscenes_mini_subset,scene-0103_020,0.0,Car,15-30m,34752,2990,164,164,1.0
nuscenes_mini_subset,scene-0103_020,0.0,Car,>30m,34752,2990,19,19,1.0
nuscenes_mini_subset,scene-0103_020,0.0,Pedestrian,15-30m,34752,2990,3,3,1.0
nuscenes_mini_subset,scene-0103_020,0.0,Pedestrian,>30m,34752,2990,3,3,1.0
nuscenes_mini_subset,scene-0103_020,1.0,Car,0-15m,34752,2973,67,67,1.0
nuscenes_mini_subset,scene-0103_020,1.0,Car,15-30m,34752,2973,164,163,0.9939
nuscenes_mini_subset,scene-0103_020,1.0,Car,>30m,34752,2973,19,13,0.6842
nuscenes_mini_subset,scene-0103_020,1.0,Pedestrian,15-30m,34752,2973,3,1,0.3333
nuscenes_mini_subset,scene-0103_020,1.0,Pedestrian,>30m,34752,2973,3,0,0.0
nuscenes_mini_subset,scene-0103_020,2.0,Car,0-15m,34752,2965,85,80,0.9412
nuscenes_mini_subset,scene-0103_020,2.0,Car,15-30m,34752,2965,164,152,0.9268
nuscenes_mini_subset,scene-0103_020,2.0,Car,>30m,34752,2965,19,6,0.3158
nuscenes_mini_subset,scene-0103_020,2.0,Pedestrian,15-30m,34752,2965,3,0,0.0
nuscenes_mini_subset,scene-0103_020,2.0,Pedestrian,>30m,34752,2965,3,0,0.0
nuscenes_mini_subset,scene-0103_020,3.0,Car,0-15m,34752,2960,98,84,0.8571
nuscenes_mini_subset,scene-0103_020,3.0,Car,15-30m,34752,2960,164,140,0.8537
nuscenes_mini_subset,scene-0103_020,3.0,Car,>30m,34752,2960,19,0,0.0
nuscenes_mini_subset,scene-0103_020,3.0,Pedestrian,15-30m,34752,2960,3,0,0.0
nuscenes_mini_subset,scene-0103_020,3.0,Pedestrian,>30m,34752,2960,3,0,0.0
nuscenes_mini_subset,scene-1094_010,0.0,Car,0-15m,34688,3592,114,114,1.0
nuscenes_mini_subset,scene-1094_010,0.0,Car,15-30m,34688,3592,173,173,1.0
nuscenes_mini_subset,scene-1094_010,0.0,Pedestrian,0-15m,34688,3592,36,36,1.0
nuscenes_mini_subset,scene-1094_010,0.0,Pedestrian,15-30m,34688,3592,36,36,1.0
nuscenes_mini_subset,scene-1094_010,1.0,Car,0-15m,34688,3600,90,90,1.0
nuscenes_mini_subset,scene-1094_010,1.0,Car,15-30m,34688,3600,172,172,1.0
nuscenes_mini_subset,scene-1094_010,1.0,Pedestrian,0-15m,34688,3600,36,36,1.0
nuscenes_mini_subset,scene-1094_010,1.0,Pedestrian,15-30m,34688,3600,36,25,0.6944
nuscenes_mini_subset,scene-1094_010,2.0,Car,0-15m,34688,3609,66,66,1.0
nuscenes_mini_subset,scene-1094_010,2.0,Car,15-30m,34688,3609,172,165,0.9593
nuscenes_mini_subset,scene-1094_010,2.0,Pedestrian,0-15m,34688,3609,36,33,0.9167
nuscenes_mini_subset,scene-1094_010,2.0,Pedestrian,15-30m,34688,3609,36,4,0.1111
nuscenes_mini_subset,scene-1094_010,3.0,Car,0-15m,34688,3618,43,43,1.0
nuscenes_mini_subset,scene-1094_010,3.0,Car,15-30m,34688,3618,171,153,0.8947
nuscenes_mini_subset,scene-1094_010,3.0,Pedestrian,0-15m,34688,3618,36,19,0.5278
nuscenes_mini_subset,scene-1094_010,3.0,Pedestrian,15-30m,34688,3618,36,0,0.0
