dataset,frame,run,warmup,elapsed_ms,n_points,inside_image
kitti_mini,000011,1,True,13.5929,108004,19946
kitti_mini,000011,2,False,17.0552,108004,19946
kitti_mini,000011,3,False,15.9798,108004,19946
kitti_mini,000011,4,False,15.7283,108004,19946
kitti_mini,000011,5,False,13.4621,108004,19946
kitti_mini,000011,6,False,13.42,108004,19946
kitti_mini,000011,7,False,16.0213,108004,19946
kitti_mini,000011,8,False,16.4826,108004,19946
kitti_mini,000011,9,False,16.4919,108004,19946
kitti_mini,000011,10,False,13.0882,108004,19946
kitti_mini,000011,11,False,12.5266,108004,19946
kitti_mini,000011,12,False,14.9325,108004,19946
kitti_mini,000011,13,False,15.2078,108004,19946
kitti_mini,000011,14,False,15.2916,108004,19946
kitti_mini,000011,15,False,16.2666,108004,19946
kitti_mini,000011,16,False,15.355,108004,19946
kitti_mini,000011,17,False,16.6147,108004,19946
kitti_mini,000011,18,False,16.072,108004,19946
kitti_mini,000011,19,False,15.2333,108004,19946
kitti_mini,000011,20,False,14.5973,108004,19946
kitti_mini,000011,21,False,18.7715,108004,19946
